[
    {
        "product.id": "1",
        "product.name": "Bột tăng chiều cao Lysine cho bé từ 7 tháng tuổi Bio Island Lysine Starter For Kid 150g",
        "product.price": "489000",
        "product.thumnal": "BioLand Lysine Starter for kids cong dung.jpg",
        "product.page ": "# "
    },
    {
        "product.id": "2",
        "product.name": "Canxi Bio Island Milk Calcium 90 viên",
        "product.price": "397000",
        "product.thumnal": "BioLand Canxi HDSD.jpg",
        "product.page ": "# "
    },
    {
        "product.id": "3",
        "product.name": "Collagen dạng nước Nature's Way Beauty Collagen Liquid 500ml",
        "product.price": "395000",
        "product.thumnal": "Collagen nuoc Natures Way HDSD.jpg",
        "product.page ": "# "
    },
    {
        "product.id": "4",
        "product.name": "Dầu cá DHA Bio Island DHA For Kid 60 viên nang",
        "product.price": "374000",
        "product.thumnal": "Bioland DHA cong dung.jpg",
        "product.page ": "# "
    },
    {
        "product.id": "5",
        "product.name": "Dầu xanh Eagle Brand Medicated Oil Singapore nhập Úc 24ml",
        "product.price": "125000",
        "product.thumnal": "daugioxanh (2).jpg",
        "product.page ": "# "
    },
    {
        "product.id": "6",
        "product.name": "Viên uống hỗ trợ Gout Blackmores Celery 3000 50 viên",
        "product.price": "348000",
        "product.thumnal": "dieutrigout (4).jpg",
        "product.page ": "# "
    },
    {
        "product.id": "7",
        "product.name": "Kem xoa bóp Voltaren Emulgel 100g",
        "product.price": "276000",
        "product.thumnal": "emulgel (4).jpg",
        "product.page ": "# "
    },
    {
        "product.id": "8",
        "product.name": "Phấn hoa khử mùi Pollen",
        "product.price": "39000",
        "product.thumnal": "Phan Pollen huong dan su dung.jpg",
        "product.page ": "# "
    },
    {
        "product.id": "9",
        "product.name": "Siro Vitamin Centrum Kids Incremin Iron Mixture 200ml",
        "product.price": "334000",
        "product.thumnal": "Siro Bieng An Centrum Kids Incremin Iron Mixture 200ml anh bia.jpg",
        "product.page ": "# "
    }
]